SET FOREIGN_KEY_CHECKS=0;

INSERT INTO learningpath.user (id, created_at, updated_at, about_me, active, contact_number, courses_of_interest, display_name, email, facebook_url, first_name, is_mentor, is_student, last_name, lives_in, password, registration_date, skype_id, username, version) VALUES (1, '2022-04-21 14:32:18.121000', '2022-04-21 14:32:18.121000', 'Hi, I’m Jose, I’m 29 and I work as a Ninja Developer for the “PIXINVENT” Creative Studio. In my research, I follow the flow of early medieval slavery from viking raids in the west, through the booming ports of the Scandinavian north, and out into the Islamic world. Reading texts against the grain and seeing artifacts as traces of the past can make their lives once again visible to us today. This website documents my efforts to do just that, and I hope it will prove a resource and an inspiration for others in similar pursuits.', true, '+8801912921840', 'Java,Javascript,Python,JavaEE,NestJS,ReactJs', 'API Integration Tester', 'tester@example.com', 'https://www.facebook.com/zuck', 'API Integration Tester', null, true, 'API Integration Tester', 'Dhaka', '$2a$10$hqhttu/SYRzNT45zOrozw.1sscZ2J1KQJg1Bi2gonpT9rulKj/S7i', '2022-04-20', 'bidrohipothik1', 'tester@example.com', 0);
INSERT INTO learningpath.user (id, created_at, updated_at, about_me, active, contact_number, courses_of_interest, display_name, email, facebook_url, first_name, is_mentor, is_student, last_name, lives_in, password, registration_date, skype_id, username, version) VALUES (2, '2022-04-21 14:32:51.156000', '2022-04-21 14:32:51.156000', null, true, null, null, null, 'tester1@example.com', null, null, true, null, null, null, '$2a$10$QhbaC7Bsc9Z2.SnjExMCy.j/B04GeeexL4iE2X9MiBtJmM/mDm2wW', '2022-04-20', null, 'tester1@example.com', 0);
INSERT INTO learningpath.user (id, created_at, updated_at, about_me, active, contact_number, courses_of_interest, display_name, email, facebook_url, first_name, is_mentor, is_student, last_name, lives_in, password, registration_date, skype_id, username, version) VALUES (3, '2022-04-21 14:32:56.731000', '2022-04-21 14:32:56.731000', null, true, null, null, null, 'tester2@example.com', null, null, true, null, null, null, '$2a$10$fbhsewulESJhZko3ZyIo4OR5cBQO6PwZuHtcNmHQuEJ/hVHuE34T2', '2022-04-20', null, 'tester2@example.com', 0);
INSERT INTO learningpath.user (id, created_at, updated_at, about_me, active, contact_number, courses_of_interest, display_name, email, facebook_url, first_name, is_mentor, is_student, last_name, lives_in, password, registration_date, skype_id, username, version) VALUES (4, '2022-04-21 14:33:01.640000', '2022-04-21 14:33:01.640000', null, true, null, null, null, 'tester3@example.com', null, null, true, null, null, null, '$2a$10$49pXT6KPNR6rM5t1nX80fevUcFh3b3LQpKDF3CO5szXeU/f8AFc2i', '2022-04-20', null, 'tester3@example.com', 0);
INSERT INTO learningpath.user (id, created_at, updated_at, about_me, active, contact_number, courses_of_interest, display_name, email, facebook_url, first_name, is_mentor, is_student, last_name, lives_in, password, registration_date, skype_id, username, version) VALUES (5, '2022-04-21 14:33:06.224000', '2022-04-21 14:33:06.224000', null, true, null, null, null, 'tester4@example.com', null, null, true, null, null, null, '$2a$10$YT6waBYlliZ0op57gZf4cuEnDERNu6A3DcIAPFUoPhYsQWndosRVu', '2022-04-20', null, 'tester4@example.com', 0);
INSERT INTO learningpath.user (id, created_at, updated_at, about_me, active, contact_number, courses_of_interest, display_name, email, facebook_url, first_name, is_mentor, is_student, last_name, lives_in, password, registration_date, skype_id, username, version) VALUES (6, '2022-04-21 14:33:12.500000', '2022-04-21 14:33:12.500000', null, true, null, null, null, 'tester5@example.com', null, null, true, null, null, null, '$2a$10$B.bcjE256kuycn8K6TcaceFNBgR2Ro.ZE3dE6XibzLIN6yKBrGeVK', '2022-04-20', null, 'tester5@example.com', 0);
INSERT INTO learningpath.user (id, created_at, updated_at, about_me, active, contact_number, courses_of_interest, display_name, email, facebook_url, first_name, is_mentor, is_student, last_name, lives_in, password, registration_date, skype_id, username, version) VALUES (7, '2022-04-21 14:33:19.315000', '2022-04-21 14:33:19.315000', null, true, null, null, null, 'tester6@example.com', null, null, true, null, null, null, '$2a$10$erVDoslSDbonkdeoZi1/9uYlqjgaN58smDHmcdT6Kf/FMqYbihRde', '2022-04-20', null, 'tester6@example.com', 0);
INSERT INTO learningpath.user (id, created_at, updated_at, about_me, active, contact_number, courses_of_interest, display_name, email, facebook_url, first_name, is_mentor, is_student, last_name, lives_in, password, registration_date, skype_id, username, version) VALUES (8, '2022-04-21 14:33:51.928000', '2022-04-21 14:33:51.928000', null, true, null, null, null, 'tester7@example.com', null, null, true, null, null, null, '$2a$10$Yau31OnKLzwfpbPbmmagp.CZdfgaqhcAzB.TggoCK/rsooVlQntY6', '2022-04-20', null, 'tester7@example.com', 0);
INSERT INTO learningpath.user (id, created_at, updated_at, about_me, active, contact_number, courses_of_interest, display_name, email, facebook_url, first_name, is_mentor, is_student, last_name, lives_in, password, registration_date, skype_id, username, version) VALUES (9, '2022-04-21 14:33:59.100000', '2022-04-21 14:33:59.100000', null, true, null, null, null, 'tester8@example.com', null, null, true, null, null, null, '$2a$10$9nR3NlvEyRKxpvhscqsQkeuPDJYz/Zkqw3Zmrdw8dNy3EzTVcTzjK', '2022-04-20', null, 'tester8@example.com', 0);
INSERT INTO learningpath.user (id, created_at, updated_at, about_me, active, contact_number, courses_of_interest, display_name, email, facebook_url, first_name, is_mentor, is_student, last_name, lives_in, password, registration_date, skype_id, username, version) VALUES (10, '2022-04-21 14:34:03.346000', '2022-04-21 14:34:03.346000', null, true, null, null, null, 'tester9@example.com', null, null, true, null, null, null, '$2a$10$zj86Ik8VlSVhVYGliXKOXuD8dpyV0PHKPy.bsMSh/UVMGDwOU8X5W', '2022-04-20', null, 'tester9@example.com', 0);
INSERT INTO learningpath.user (id, created_at, updated_at, about_me, active, contact_number, courses_of_interest, display_name, email, facebook_url, first_name, is_mentor, is_student, last_name, lives_in, password, registration_date, skype_id, username, version) VALUES (11, '2022-04-21 14:34:34.048000', '2022-04-21 14:34:34.048000', null, true, null, null, null, 'tester10@example.com', null, null, true, null, null, null, '$2a$10$nR8sHSU548PxB0vco8oKkuncf50WQgZVWZCTs9iQ7fvLA3fvRISSu', '2022-04-20', null, 'tester10@example.com', 0);
INSERT INTO learningpath.user (id, created_at, updated_at, about_me, active, contact_number, courses_of_interest, display_name, email, facebook_url, first_name, is_mentor, is_student, last_name, lives_in, password, registration_date, skype_id, username, version) VALUES (12, '2022-04-21 15:16:04.592000', '2022-04-21 15:16:04.592000', null, true, null, null, null, 'tester11@example.com', null, null, true, null, null, null, '$2a$10$.1V/ghmrlfaSH.R6jkQ.teQm8z6tFrMLNGXrHFtnbG091VnhD/NBi', '2022-04-20', null, 'tester11@example.com', 0);

INSERT INTO learningpath.department (id, created_at, updated_at, name, version) VALUES (1, '2022-04-22 12:33:09.288000', '2022-04-22 12:33:09.288000', 'Computer Engineers', 0);
INSERT INTO learningpath.department (id, created_at, updated_at, name, version) VALUES (2, '2022-04-22 12:33:09.322000', '2022-04-22 12:33:09.322000', 'School of Medicine', 0);

INSERT INTO learningpath.department_courses (id, created_at, updated_at, name, semester, department_id) VALUES (1, '2022-04-22 12:33:09.288000', '2022-04-22 12:33:09.288000', 'Mathematics I', 1, 1);
INSERT INTO learningpath.department_courses (id, created_at, updated_at, name, semester, department_id) VALUES (2, '2022-04-22 12:33:09.288000', '2022-04-22 12:33:09.288000', 'C LANGUAGE', 2, 1);
INSERT INTO learningpath.department_courses (id, created_at, updated_at, name, semester, department_id) VALUES (3, '2022-04-22 12:33:09.288000', '2022-04-22 12:33:09.288000', 'Mathematics II', 2, 1);
INSERT INTO learningpath.department_courses (id, created_at, updated_at, name, semester, department_id) VALUES (4, '2022-04-22 12:33:09.288000', '2022-04-22 12:33:09.288000', 'Signals I', 3, 1);
INSERT INTO learningpath.department_courses (id, created_at, updated_at, name, semester, department_id) VALUES (5, '2022-04-22 12:33:09.288000', '2022-04-22 12:33:09.288000', 'Arithmetic Analysis', 2, 1);
INSERT INTO learningpath.department_courses (id, created_at, updated_at, name, semester, department_id) VALUES (6, '2022-04-22 12:33:09.288000', '2022-04-22 12:33:09.288000', 'Signals II', 5, 1);
INSERT INTO learningpath.department_courses (id, created_at, updated_at, name, semester, department_id) VALUES (7, '2022-04-22 12:33:09.288000', '2022-04-22 12:33:09.288000', 'Scientific Computation', 6, 1);
INSERT INTO learningpath.department_courses (id, created_at, updated_at, name, semester, department_id) VALUES (8, '2022-04-22 12:33:09.288000', '2022-04-22 12:33:09.288000', 'C++ Language', 3, 1);
INSERT INTO learningpath.department_courses (id, created_at, updated_at, name, semester, department_id) VALUES (9, '2022-04-22 12:33:09.288000', '2022-04-22 12:33:09.288000', 'Biology I', 1, 1);
INSERT INTO learningpath.department_courses (id, created_at, updated_at, name, semester, department_id) VALUES (10, '2022-04-22 12:33:09.288000', '2022-04-22 12:33:09.288000', 'Histology', 3, 2);
INSERT INTO learningpath.department_courses (id, created_at, updated_at, name, semester, department_id) VALUES (11, '2022-04-22 12:33:09.288000', '2022-04-22 12:33:09.288000', 'Dermatology', 7, 2);
INSERT INTO learningpath.department_courses (id, created_at, updated_at, name, semester, department_id) VALUES (12, '2022-04-22 12:33:09.288000', '2022-04-22 12:33:09.288000', 'Biology II', 2, 2);
INSERT INTO learningpath.department_courses (id, created_at, updated_at, name, semester, department_id) VALUES (13, '2022-04-22 12:33:09.288000', '2022-04-22 12:33:09.288000', 'Chemistry I', 1, 2);
INSERT INTO learningpath.department_courses (id, created_at, updated_at, name, semester, department_id) VALUES (14, '2022-04-22 12:33:09.288000', '2022-04-22 12:33:09.288000', 'Neurology', 12, 2);
INSERT INTO learningpath.department_courses (id, created_at, updated_at, name, semester, department_id) VALUES (15, '2022-04-22 12:33:09.288000', '2022-04-22 12:33:09.288000', 'Surgery', 5, 2);
INSERT INTO learningpath.department_courses (id, created_at, updated_at, name, semester, department_id) VALUES (16, '2022-04-22 12:33:09.288000', '2022-04-22 12:33:09.288000', 'Chemistry II', 6, 2);


INSERT INTO learningpath.user_role (user_id, role_id) VALUES (1, 2);
INSERT INTO learningpath.user_role (user_id, role_id) VALUES (2, 2);
INSERT INTO learningpath.user_role (user_id, role_id) VALUES (3, 2);
INSERT INTO learningpath.user_role (user_id, role_id) VALUES (4, 2);
INSERT INTO learningpath.user_role (user_id, role_id) VALUES (5, 2);
INSERT INTO learningpath.user_role (user_id, role_id) VALUES (6, 2);
INSERT INTO learningpath.user_role (user_id, role_id) VALUES (7, 2);
INSERT INTO learningpath.user_role (user_id, role_id) VALUES (8, 2);
INSERT INTO learningpath.user_role (user_id, role_id) VALUES (9, 2);
INSERT INTO learningpath.user_role (user_id, role_id) VALUES (10, 2);
INSERT INTO learningpath.user_role (user_id, role_id) VALUES (11, 2);
INSERT INTO learningpath.user_role (user_id, role_id) VALUES (12, 2);

INSERT INTO learningpath.course (id, created_at, updated_at, description, image_binary, image_name, image_type, semester, title, version, department_id, department_course_id, user_id) VALUES (1, '2022-04-21 14:37:05.947000', '2022-04-21 14:37:05.947000', 'blabla', null, '', null, 1, 'Mathematics I', 0, 1, 1, 2);
INSERT INTO learningpath.course (id, created_at, updated_at, description, image_binary, image_name, image_type, semester, title, version, department_id, department_course_id, user_id) VALUES (2, '2022-04-21 14:37:20.260000', '2022-04-21 14:37:20.260000', 'blabla', null, '', null, 2, 'Arithmetic Analysis', 0, 1, 5, 2);
INSERT INTO learningpath.course (id, created_at, updated_at, description, image_binary, image_name, image_type, semester, title, version, department_id, department_course_id, user_id) VALUES (3, '2022-04-21 14:37:30.097000', '2022-04-21 14:37:30.097000', 'blabla', null, '', null, 6, 'Scientific Computation', 0, 1, 7, 2);
INSERT INTO learningpath.course (id, created_at, updated_at, description, image_binary, image_name, image_type, semester, title, version, department_id, department_course_id, user_id) VALUES (4, '2022-04-21 14:49:44.143000', '2022-04-21 14:49:44.143000', 'blabla', null, '', null, 1, 'Mathematics I', 0, 1, 1, 3);
INSERT INTO learningpath.course (id, created_at, updated_at, description, image_binary, image_name, image_type, semester, title, version, department_id, department_course_id, user_id) VALUES (5, '2022-04-21 14:49:52.600000', '2022-04-21 14:49:52.600000', 'blabla', null, '', null, 6, 'user2-course2', 0, 1, null, 3);
INSERT INTO learningpath.course (id, created_at, updated_at, description, image_binary, image_name, image_type, semester, title, version, department_id, department_course_id, user_id) VALUES (6, '2022-04-21 14:51:30.820000', '2022-04-21 14:51:30.820000', 'blabla', null, '', null, 2, 'Arithmetic Analysis', 0, 1, 5, 4);
INSERT INTO learningpath.course (id, created_at, updated_at, description, image_binary, image_name, image_type, semester, title, version, department_id, department_course_id, user_id) VALUES (7, '2022-04-21 14:51:37.326000', '2022-04-21 14:51:37.326000', 'blabla', null, '', null, 3, 'user3-course2', 0, 1, null, 4);
INSERT INTO learningpath.course (id, created_at, updated_at, description, image_binary, image_name, image_type, semester, title, version, department_id, department_course_id, user_id) VALUES (8, '2022-04-21 14:51:43.813000', '2022-04-21 14:51:43.813000', 'blabla', null, '', null, 6, 'Scientific Computation', 0, 1, 7, 4);
INSERT INTO learningpath.course (id, created_at, updated_at, description, image_binary, image_name, image_type, semester, title, version, department_id, department_course_id, user_id) VALUES (9, '2022-04-21 14:53:53.701000', '2022-04-21 14:53:53.701000', 'blabla', null, '', null, 3, 'Arithmetic Analysis', 0, 1, 5, 5);
INSERT INTO learningpath.course (id, created_at, updated_at, description, image_binary, image_name, image_type, semester, title, version, department_id, department_course_id, user_id) VALUES (10, '2022-04-21 14:54:01.306000', '2022-04-21 14:54:01.306000', 'blabla', null, '', null, 3, 'user4-course2', 0, 1, null, 5);
INSERT INTO learningpath.course (id, created_at, updated_at, description, image_binary, image_name, image_type, semester, title, version, department_id, department_course_id, user_id) VALUES (11, '2022-04-21 14:55:10.515000', '2022-04-21 14:55:10.515000', 'blabla', null, '', null, 1, 'Mathematics I', 0, 1, 1, 6);
INSERT INTO learningpath.course (id, created_at, updated_at, description, image_binary, image_name, image_type, semester, title, version, department_id, department_course_id, user_id) VALUES (12, '2022-04-21 14:55:16.719000', '2022-04-21 14:55:16.719000', 'blabla', null, '', null, 3, 'C++ Language', 0, 1, 8, 6);
INSERT INTO learningpath.course (id, created_at, updated_at, description, image_binary, image_name, image_type, semester, title, version, department_id, department_course_id, user_id) VALUES (13, '2022-04-21 15:08:09.597000', '2022-04-21 15:08:09.597000', 'blabla', null, '', null, 3, 'Histology', 0, 2, 10, 7);
INSERT INTO learningpath.course (id, created_at, updated_at, description, image_binary, image_name, image_type, semester, title, version, department_id, department_course_id, user_id) VALUES (14, '2022-04-21 15:08:19.778000', '2022-04-21 15:08:19.778000', 'blabla', null, '', null, 12, 'Neurology', 0, 2, 14, 7);
INSERT INTO learningpath.course (id, created_at, updated_at, description, image_binary, image_name, image_type, semester, title, version, department_id, department_course_id, user_id) VALUES (15, '2022-04-21 15:10:19.576000', '2022-04-21 15:10:19.576000', 'blabla', null, '', null, 1, 'Chemistry I', 0, 2, 13, 8);
INSERT INTO learningpath.course (id, created_at, updated_at, description, image_binary, image_name, image_type, semester, title, version, department_id, department_course_id, user_id) VALUES (16, '2022-04-21 15:10:26.693000', '2022-04-21 15:10:26.693000', 'blabla', null, '', null, 2, 'Biology II', 0, 2, 12, 8);
INSERT INTO learningpath.course (id, created_at, updated_at, description, image_binary, image_name, image_type, semester, title, version, department_id, department_course_id, user_id) VALUES (17, '2022-04-21 15:10:33.323000', '2022-04-21 15:10:33.323000', 'blabla', null, '', null, 1, 'Chemistry I', 0, 2, 13, 8);
INSERT INTO learningpath.course (id, created_at, updated_at, description, image_binary, image_name, image_type, semester, title, version, department_id, department_course_id, user_id) VALUES (18, '2022-04-21 15:11:44.609000', '2022-04-21 15:11:44.609000', 'blabla', null, '', null, 3, 'Histology', 0, 2, 10, 9);
INSERT INTO learningpath.course (id, created_at, updated_at, description, image_binary, image_name, image_type, semester, title, version, department_id, department_course_id, user_id) VALUES (19, '2022-04-21 15:11:50.073000', '2022-04-21 15:11:50.073000', 'blabla', null, '', null, 3, 'user8-course2', 0, 2, null, 9);
INSERT INTO learningpath.course (id, created_at, updated_at, description, image_binary, image_name, image_type, semester, title, version, department_id, department_course_id, user_id) VALUES (20, '2022-04-21 15:12:40.305000', '2022-04-21 15:12:40.305000', 'blabla', null, '', null, 8, 'user9-course1', 0, 2, null, 10);
INSERT INTO learningpath.course (id, created_at, updated_at, description, image_binary, image_name, image_type, semester, title, version, department_id, department_course_id, user_id) VALUES (21, '2022-04-21 15:12:46.550000', '2022-04-21 15:12:46.550000', 'blabla', null, '', null, 9, 'user9-course2', 0, 2, null, 10);
INSERT INTO learningpath.course (id, created_at, updated_at, description, image_binary, image_name, image_type, semester, title, version, department_id, department_course_id, user_id) VALUES (22, '2022-04-21 15:12:52.878000', '2022-04-21 15:12:52.878000', 'blabla', null, '', null, 3, 'Histology', 0, 2, 10, 10);
INSERT INTO learningpath.course (id, created_at, updated_at, description, image_binary, image_name, image_type, semester, title, version, department_id, department_course_id, user_id) VALUES (23, '2022-04-21 15:12:59.670000', '2022-04-21 15:12:59.670000', 'blabla', null, '', null, 6, 'user9-course4', 0, 2, null, 10);
INSERT INTO learningpath.course (id, created_at, updated_at, description, image_binary, image_name, image_type, semester, title, version, department_id, department_course_id, user_id) VALUES (24, '2022-04-21 15:14:26.570000', '2022-04-21 15:14:26.571000', 'blabla', null, '', null, 7, 'Dermatology', 0, 2, 11, 11);
INSERT INTO learningpath.course (id, created_at, updated_at, description, image_binary, image_name, image_type, semester, title, version, department_id, department_course_id, user_id) VALUES (25, '2022-04-21 15:14:33.026000', '2022-04-21 15:14:33.026000', 'blabla', null, '', null, 3, 'user10-course2', 0, 2, null, 11);
INSERT INTO learningpath.course (id, created_at, updated_at, description, image_binary, image_name, image_type, semester, title, version, department_id, department_course_id, user_id) VALUES (26, '2022-04-21 15:16:37.830000', '2022-04-21 15:16:37.830000', 'blabla', null, '', null, 2, 'Biology II', 0, 2, 12, 12);
INSERT INTO learningpath.course (id, created_at, updated_at, description, image_binary, image_name, image_type, semester, title, version, department_id, department_course_id, user_id) VALUES (27, '2022-04-21 15:16:44.261000', '2022-04-21 15:16:44.261000', 'blabla', null, '', null, 12, 'Neurology', 0, 2, 14, 12);

INSERT INTO learningpath.course_publication (id, created_at, updated_at, is_private, course_id) VALUES (1, '2022-04-21 14:48:12.224000', '2022-04-21 14:48:12.224000', false, 1);
INSERT INTO learningpath.course_publication (id, created_at, updated_at, is_private, course_id) VALUES (2, '2022-04-21 14:48:43.179000', '2022-04-21 14:48:43.179000', true, 2);
INSERT INTO learningpath.course_publication (id, created_at, updated_at, is_private, course_id) VALUES (3, '2022-04-21 14:50:22.704000', '2022-04-21 14:50:22.704000', false, 5);
INSERT INTO learningpath.course_publication (id, created_at, updated_at, is_private, course_id) VALUES (4, '2022-04-21 14:52:05.412000', '2022-04-21 14:52:05.412000', false, 6);
INSERT INTO learningpath.course_publication (id, created_at, updated_at, is_private, course_id) VALUES (5, '2022-04-21 14:52:10.124000', '2022-04-21 14:52:10.124000', false, 7);
INSERT INTO learningpath.course_publication (id, created_at, updated_at, is_private, course_id) VALUES (6, '2022-04-21 14:52:15.996000', '2022-04-21 14:52:15.996000', false, 8);
INSERT INTO learningpath.course_publication (id, created_at, updated_at, is_private, course_id) VALUES (7, '2022-04-21 14:54:15.531000', '2022-04-21 14:54:15.531000', false, 9);
INSERT INTO learningpath.course_publication (id, created_at, updated_at, is_private, course_id) VALUES (8, '2022-04-21 14:54:19.732000', '2022-04-21 14:54:19.732000', false, 10);
INSERT INTO learningpath.course_publication (id, created_at, updated_at, is_private, course_id) VALUES (9, '2022-04-21 14:55:31.060000', '2022-04-21 14:55:31.060000', true, 11);
INSERT INTO learningpath.course_publication (id, created_at, updated_at, is_private, course_id) VALUES (10, '2022-04-21 14:55:42.318000', '2022-04-21 14:55:42.318000', false, 12);
INSERT INTO learningpath.course_publication (id, created_at, updated_at, is_private, course_id) VALUES (11, '2022-04-21 15:08:36.150000', '2022-04-21 15:08:36.150000', false, 13);
INSERT INTO learningpath.course_publication (id, created_at, updated_at, is_private, course_id) VALUES (12, '2022-04-21 15:08:41.620000', '2022-04-21 15:08:41.620000', false, 14);
INSERT INTO learningpath.course_publication (id, created_at, updated_at, is_private, course_id) VALUES (13, '2022-04-21 15:10:46.121000', '2022-04-21 15:10:46.121000', false, 15);
INSERT INTO learningpath.course_publication (id, created_at, updated_at, is_private, course_id) VALUES (14, '2022-04-21 15:10:50.871000', '2022-04-21 15:10:50.871000', false, 16);
INSERT INTO learningpath.course_publication (id, created_at, updated_at, is_private, course_id) VALUES (15, '2022-04-21 15:11:02.944000', '2022-04-21 15:11:02.944000', true, 17);
INSERT INTO learningpath.course_publication (id, created_at, updated_at, is_private, course_id) VALUES (16, '2022-04-21 15:11:57.098000', '2022-04-21 15:11:57.098000', false, 18);
INSERT INTO learningpath.course_publication (id, created_at, updated_at, is_private, course_id) VALUES (17, '2022-04-21 15:12:05.250000', '2022-04-21 15:12:05.250000', true, 19);
INSERT INTO learningpath.course_publication (id, created_at, updated_at, is_private, course_id) VALUES (18, '2022-04-21 15:13:14.704000', '2022-04-21 15:13:14.704000', false, 20);
INSERT INTO learningpath.course_publication (id, created_at, updated_at, is_private, course_id) VALUES (19, '2022-04-21 15:13:27.442000', '2022-04-21 15:13:27.442000', false, 21);
INSERT INTO learningpath.course_publication (id, created_at, updated_at, is_private, course_id) VALUES (20, '2022-04-21 15:13:31.659000', '2022-04-21 15:13:31.659000', false, 22);
INSERT INTO learningpath.course_publication (id, created_at, updated_at, is_private, course_id) VALUES (21, '2022-04-21 15:13:39.955000', '2022-04-21 15:13:39.955000', true, 23);
INSERT INTO learningpath.course_publication (id, created_at, updated_at, is_private, course_id) VALUES (22, '2022-04-21 15:14:48.570000', '2022-04-21 15:14:48.570000', true, 24);
INSERT INTO learningpath.course_publication (id, created_at, updated_at, is_private, course_id) VALUES (23, '2022-04-21 15:14:55.904000', '2022-04-21 15:14:55.904000', false, 25);
